"miRNA_ID"	"logFC"	"adj.P.Val"	"P.Value"	"t"
"hsa-miR-144"	2.41997975371606	0.0580427384741905	6.28168165305092e-05	5.30506052431874
